id,title
1,title_1
2,title_2
3,title_3
4,title_4
5,title_5
6,title_6
7,title_7
8,title_8
9,title_9
10,title_10
11,title_11
12,title_12
13,title_13
14,title_14
15,title_15
16,title_16
17,title_17
18,title_18
19,title_19
20,title_20
21,title_21
22,title_22
23,title_23
24,title_24
25,title_25
26,title_26
27,title_27
28,title_28
29,title_29
30,title_30
31,title_31
32,title_32
33,title_33
34,title_34
35,title_35
36,title_36
37,title_37
38,title_38
39,title_39
40,title_40
41,title_41
42,title_42
43,title_43
44,title_44
45,title_45
46,title_46
47,title_47
48,title_48
49,title_49
50,title_50
